candidateId,placeId,qlooEntityId,placeName,menuName,city,portionDescription,servingWeightG,includedItems,serviceMode,price,currency,taxStatus,cuisine,ambience,proteinG,fiberG,fatG,caloriesKcal,sodiumMg,fluidMl,allergens,allergensRaw,allergenCoverage,allergenStatus,crossContactStatus,spicy,observedAt,menuSource,nutritionSource,allergenSource,priceSource,nutritionMethod,mappingStatus,collectionStatus,collectedBy,reviewedBy,evidenceLocator,usagePermission
mos-jp-010320-standard-dine-in,,,,モスバーガー,,One standard burger; no side or drink,211.2,"[""burger""]",dine_in,500,JPY,included,Burger,[],15.2,3.4,17.0,372,906,,"[""egg"",""milk"",""wheat"",""soy""]",卵/乳/小麦/大豆:原材料使用;落花生/くるみ/ごま:工場製造ライン共有;ゼラチン:店舗調理器具共有,"[""egg"",""milk"",""wheat"",""soy"",""peanut"",""sesame""]",unknown,declared_possible,,2026-10-09,https://www.mos.jp/menu/detail/?menu_id=010320&c_id=1,https://www.mos.jp/menu/pdf/nutrition.pdf,https://www.mos.jp/menu/detail/?menu_id=010320&c_id=1,https://www.mos.jp/menu/category/?c_id=1,official,unmapped,pending,GitHub Copilot,,Official nutrition PDF updated 2026-10-01 page 1 exact item row; sodium is direct mg; web ingredient/shared-line legend partially reviewed; chain-level price only; branch/city/Qloo unverified; redistribution permission not established,restricted
mos-jp-010340-standard-dine-in,,,,モスチーズバーガー,,One standard burger; no side or drink,226.2,"[""burger""]",dine_in,550,JPY,included,Burger,[],18.2,3.4,21.4,425,1095,,"[""egg"",""milk"",""wheat"",""soy""]",卵/乳/小麦/大豆:原材料使用;落花生/くるみ/ごま:工場製造ライン共有;ゼラチン:店舗調理器具共有,"[""egg"",""milk"",""wheat"",""soy"",""peanut"",""sesame""]",unknown,declared_possible,,2026-10-09,https://www.mos.jp/menu/detail/?menu_id=010340&c_id=1,https://www.mos.jp/menu/pdf/nutrition.pdf,https://www.mos.jp/menu/detail/?menu_id=010340&c_id=1,https://www.mos.jp/menu/category/?c_id=1,official,unmapped,pending,GitHub Copilot,,Official nutrition PDF updated 2026-10-01 page 1 exact item row; sodium is direct mg; web ingredient/shared-line legend partially reviewed; chain-level price only; branch/city/Qloo unverified; redistribution permission not established,restricted
mos-jp-010350-standard-dine-in,,,,スパイシーモスバーガー,,One standard burger; no side or drink,219.2,"[""burger""]",dine_in,550,JPY,included,Burger,[],15.3,3.5,17.1,375,969,,[],,[],unknown,unknown,true,2026-10-09,https://www.mos.jp/menu/detail/?menu_id=010350&c_id=1,https://www.mos.jp/menu/pdf/nutrition.pdf,,https://www.mos.jp/menu/category/?c_id=1,official,unmapped,pending,GitHub Copilot,,Official nutrition PDF updated 2026-10-01 page 1 exact item row; sodium is direct mg; category lists spicy product with jalapeno; allergens not reviewed; chain-level price only; branch/city/Qloo unverified; redistribution permission not established,restricted
mos-jp-010360-standard-dine-in,,,,スパイシーモスチーズバーガー,,One standard burger; no side or drink,234.2,"[""burger""]",dine_in,600,JPY,included,Burger,[],18.3,3.5,21.5,428,1158,,[],,[],unknown,unknown,true,2026-10-09,https://www.mos.jp/menu/detail/?menu_id=010360&c_id=1,https://www.mos.jp/menu/pdf/nutrition.pdf,,https://www.mos.jp/menu/category/?c_id=1,official,unmapped,pending,GitHub Copilot,,Official nutrition PDF updated 2026-10-01 page 1 exact item row; sodium is direct mg; category lists spicy product with jalapeno; allergens not reviewed; chain-level price only; branch/city/Qloo unverified; redistribution permission not established,restricted
mos-jp-010330-standard-dine-in,,,,テリヤキバーガー,,One standard burger; no side or drink,170.2,"[""burger""]",dine_in,490,JPY,included,Burger,[],14.3,2.7,18.2,385,1033,,[],,[],unknown,unknown,,2026-10-09,https://www.mos.jp/menu/detail/?menu_id=010330&c_id=1,https://www.mos.jp/menu/pdf/nutrition.pdf,,https://www.mos.jp/menu/category/?c_id=1,official,unmapped,pending,GitHub Copilot,,Official nutrition PDF updated 2026-10-01 page 1 exact item row; sodium is direct mg; allergens and non-spicy status not reviewed; chain-level price only; branch/city/Qloo unverified; redistribution permission not established,restricted
mos-jp-011465-standard-dine-in,,,,モス野菜バーガー,,One standard burger; no side or drink,192.2,"[""burger""]",dine_in,500,JPY,included,Burger,[],14.1,3.2,18.6,363,710,,[],,[],unknown,unknown,,2026-10-09,https://www.mos.jp/menu/detail/?menu_id=011465&c_id=1,https://www.mos.jp/menu/pdf/nutrition.pdf,,https://www.mos.jp/menu/category/?c_id=1,official,unmapped,pending,GitHub Copilot,,Official nutrition PDF updated 2026-10-01 page 1 exact item row; sodium is direct mg; vegetable in name does not establish vegetarian ingredients; allergens and non-spicy status not reviewed; chain-level price only; branch/city/Qloo unverified; redistribution permission not established,restricted
mos-jp-010007-standard-dine-in,,,,テリヤキチキンバーガー,,One standard burger; no side or drink,148.9,"[""burger""]",dine_in,510,JPY,included,Burger,[],20.1,1.6,10.3,303,842,,[],,[],unknown,unknown,,2026-10-09,https://www.mos.jp/menu/detail/?menu_id=010007&c_id=1,https://www.mos.jp/menu/pdf/nutrition.pdf,,https://www.mos.jp/menu/category/?c_id=1,official,unmapped,pending,GitHub Copilot,,Official nutrition PDF updated 2026-10-01 page 1 exact item row; sodium is direct mg; allergens and non-spicy status not reviewed; chain-level price only; branch/city/Qloo unverified; redistribution permission not established,restricted
mos-jp-010005-standard-dine-in,,,,フィッシュバーガー,,One standard burger; no side or drink,143.9,"[""burger""]",dine_in,430,JPY,included,Burger,[],16.2,1.9,18.8,381,745,,[],,[],unknown,unknown,,2026-10-09,https://www.mos.jp/menu/detail/?menu_id=010005&c_id=1,https://www.mos.jp/menu/pdf/nutrition.pdf,,https://www.mos.jp/menu/category/?c_id=1,official,unmapped,pending,GitHub Copilot,,Official nutrition PDF updated 2026-10-01 page 1 exact item row; sodium is direct mg; do not treat empty allergens as fish-free; allergens and non-spicy status not reviewed; chain-level price only; branch/city/Qloo unverified; redistribution permission not established,restricted
mos-jp-010011-standard-dine-in,,,,ロースカツバーガー,,One standard burger; no side or drink,174.4,"[""burger""]",dine_in,520,JPY,included,Burger,[],16.6,2.7,16.3,410,859,,[],,[],unknown,unknown,,2026-10-09,https://www.mos.jp/menu/detail/?menu_id=010011&c_id=1,https://www.mos.jp/menu/pdf/nutrition.pdf,,https://www.mos.jp/menu/category/?c_id=1,official,unmapped,pending,GitHub Copilot,,Official nutrition PDF updated 2026-10-01 page 1 exact item row; sodium is direct mg; allergens and non-spicy status not reviewed; chain-level price only; branch/city/Qloo unverified; redistribution permission not established,restricted
mos-jp-010840-standard-dine-in,,,,海老カツバーガー,,One standard burger; no side or drink,160.8,"[""burger""]",dine_in,510,JPY,included,Burger,[],14.5,2.0,19.3,397,797,,[],,[],unknown,unknown,,2026-10-09,https://www.mos.jp/menu/detail/?menu_id=010840&c_id=1,https://www.mos.jp/menu/pdf/nutrition.pdf,,https://www.mos.jp/menu/category/?c_id=1,official,unmapped,pending,GitHub Copilot,,Official nutrition PDF updated 2026-10-01 page 1 exact item row; sodium is direct mg; do not treat empty allergens as shellfish-free; allergens and non-spicy status not reviewed; chain-level price only; branch/city/Qloo unverified; redistribution permission not established,restricted